{
  "body_metrics": {
    "PSNR": 22.93276356899738,
    "SSIM": 0.8982837797914235,
    "LPIPS": 0.10435726632117008,
    "CSIM": 0.9071886309798881
  },
  "head_metrics": {
    "PSNR": 21.96581792772113,
    "SSIM": 0.820312291991954,
    "LPIPS": 0.291642775663492,
    "CSIM": 0.8501846348163
  },
  "body_fvd": 60.72606701078645,
  "head_fvd": 60.41067794791721
}